id,first_name,last_name,email,gender,ip_address
1,Perkin,Longwood,plongwood0@sohu.com,Male,133.162.253.171
2,Patrick,Mantripp,pmantripp1@youtu.be,Male,244.169.14.129
3,Flemming,Romayne,fromayne2@salon.com,Male,0.73.74.154
4,Eadith,Dugmore,edugmore3@narod.ru,Female,89.248.23.156
5,Merrie,O'Hagirtie,mohagirtie4@geocities.jp,Female,200.34.149.90
6,Idette,Robottham,irobottham5@usda.gov,Female,97.112.221.101
7,Andrus,Knock,aknock6@live.com,Male,56.34.65.245
8,Natale,Gebb,ngebb7@cnn.com,Male,227.227.193.109
9,Fredia,Pretor,fpretor8@seattletimes.com,Female,97.233.11.83
10,Bevon,Trewhitt,btrewhitt9@mediafire.com,Male,41.231.74.10
11,Jackie,Lanfare,jlanfarea@imgur.com,Female,43.93.8.117
12,Bogey,McCormack,bmccormackb@tuttocitta.it,Male,195.143.15.126
13,Stinky,Leveridge,sleveridgec@timesonline.co.uk,Male,225.27.139.10
14,Ulick,Menichi,umenichid@flickr.com,Male,21.76.49.79
15,Veronika,Ingyon,vingyone@mysql.com,Female,189.26.94.166
16,Donetta,Braker,dbrakerf@hugedomains.com,Female,107.129.76.74
17,Wain,Sutter,wsutterg@jugem.jp,Male,3.233.138.94
18,Tybalt,Alway,talwayh@blogtalkradio.com,Male,64.171.255.117
19,Jourdan,Vayne,jvaynei@purevolume.com,Female,46.162.114.139
20,Jodi,Grason,jgrasonj@si.edu,Male,67.135.212.26
21,Sosanna,Steeden,ssteedenk@g.co,Female,197.31.94.75
22,Waverly,Moorhead,wmoorheadl@miitbeian.gov.cn,Male,186.165.237.134
23,Ashleigh,Fewless,afewlessm@ameblo.jp,Female,183.0.3.166
24,Uriel,Snowsill,usnowsilln@cloudflare.com,Male,60.1.136.183
25,Willabella,Cotherill,wcotherillo@foxnews.com,Female,142.138.116.122
26,Timothy,Lermouth,tlermouthp@issuu.com,Male,224.62.73.21
27,Neysa,Beattie,nbeattieq@example.com,Female,83.202.61.239
28,Paten,Hardy-Piggin,phardypigginr@ucoz.ru,Male,231.28.25.28
29,West,McCloy,wmccloys@ezinearticles.com,Male,87.86.7.120
30,Huntington,Velti,hveltit@jalbum.net,Male,247.38.43.123
31,Brendan,Sherlaw,bsherlawu@alibaba.com,Male,107.69.149.56
32,Benyamin,Threlfall,bthrelfallv@parallels.com,Male,252.163.54.82
33,Shirleen,Pippin,spippinw@cdbaby.com,Female,207.131.245.220
34,Oralia,Arend,oarendx@w3.org,Female,175.221.160.16
35,Freddy,Sheards,fsheardsy@who.int,Female,78.36.83.38
36,Helga,Haresnape,hharesnapez@loc.gov,Female,227.252.124.115
37,Salvidor,Flippen,sflippen10@newyorker.com,Male,95.208.118.58
38,Essa,Syres,esyres11@constantcontact.com,Female,242.228.231.119
39,Somerset,McCorrie,smccorrie12@pcworld.com,Male,213.166.71.163
40,Tremaine,Furman,tfurman13@washington.edu,Male,16.204.208.49
41,Caryl,Morison,cmorison14@rambler.ru,Female,196.115.27.206
42,Peter,Dumbleton,pdumbleton15@oaic.gov.au,Male,138.147.78.240
43,Darlleen,Deveraux,ddeveraux16@jiathis.com,Female,250.251.15.69
44,Valdemar,Lightbourne,vlightbourne17@wikia.com,Male,139.156.189.131
45,Chet,Pundy,cpundy18@typepad.com,Male,77.123.124.250
46,Tara,Worsnap,tworsnap19@geocities.com,Female,170.139.144.99
47,Terrel,Alforde,talforde1a@virginia.edu,Male,14.187.56.62
48,Cinnamon,Dungey,cdungey1b@google.com.br,Female,230.238.11.226
49,Aldwin,Danielsson,adanielsson1c@google.co.uk,Male,162.207.63.180
50,Cecily,Goulthorp,cgoulthorp1d@businessinsider.com,Female,13.238.172.212
51,Honoria,Pestricke,hpestricke1e@last.fm,Female,148.120.41.233
52,Sheree,Janman,sjanman1f@whitehouse.gov,Female,13.37.46.34
53,Izak,Benes,ibenes1g@symantec.com,Male,18.142.216.95
54,Ring,Faulo,rfaulo1h@bbc.co.uk,Male,155.71.120.77
55,Wilona,Aluard,waluard1i@bandcamp.com,Female,168.175.178.115
56,Freeland,Quinn,fquinn1j@wix.com,Male,123.245.108.84
57,Shayla,Fyfield,sfyfield1k@addthis.com,Female,162.113.170.250
58,Gertie,Patriskson,gpatriskson1l@moonfruit.com,Female,123.27.99.141
59,Vivienne,Hudd,vhudd1m@hatena.ne.jp,Female,193.177.9.100
60,Adi,Aisbett,aaisbett1n@gnu.org,Female,201.12.47.237
61,Cherice,Loidl,cloidl1o@discuz.net,Female,62.156.199.164
62,Abbie,Conneau,aconneau1p@independent.co.uk,Male,41.96.160.143
63,Reeba,Marzelli,rmarzelli1q@yandex.ru,Female,31.60.114.217
64,Teddy,Rishbrook,trishbrook1r@trellian.com,Female,72.138.79.255
65,Everard,Schade,eschade1s@icio.us,Male,66.37.8.12
66,Oona,Heeran,oheeran1t@nhs.uk,Female,33.33.196.223
67,Wallis,Pool,wpool1u@php.net,Female,189.0.210.138
68,Marlon,Reville,mreville1v@icq.com,Male,29.193.80.60
69,Sasha,Raff,sraff1w@nationalgeographic.com,Male,13.22.7.115
70,Reggie,Mainds,rmainds1x@topsy.com,Male,60.132.137.83
71,Nadeen,McNeillie,nmcneillie1y@about.me,Female,189.117.169.198
72,Brockie,Roadknight,broadknight1z@mapquest.com,Male,60.112.237.143
73,Jerome,Spenclay,jspenclay20@cnbc.com,Male,220.124.185.171
74,Wendall,Stive,wstive21@vinaora.com,Male,249.70.155.13
75,Timothy,Heaslip,theaslip22@google.es,Male,86.21.44.50
76,Isa,Cosgriff,icosgriff23@webnode.com,Male,117.167.99.125
77,Arnaldo,Khan,akhan24@theguardian.com,Male,91.152.84.198
78,Katlin,Huthart,khuthart25@skyrock.com,Female,13.177.16.162
79,Pepillo,Mickleburgh,pmickleburgh26@over-blog.com,Male,129.181.202.161
80,Davidde,Tees,dtees27@youtube.com,Male,141.50.55.136
81,De,Othen,dothen28@people.com.cn,Female,102.232.84.162
82,Inga,Gehringer,igehringer29@independent.co.uk,Female,41.200.32.3
83,Tandi,Wellbeloved,twellbeloved2a@amazon.co.jp,Female,176.1.210.160
84,Dewey,Stirland,dstirland2b@google.nl,Male,176.141.189.60
85,Fernando,Emps,femps2c@shutterfly.com,Male,100.202.39.157
86,Alfie,Dranfield,adranfield2d@berkeley.edu,Female,98.23.18.90
87,Merrili,Mandry,mmandry2e@rediff.com,Female,251.205.79.17
88,Corie,Denziloe,cdenziloe2f@huffingtonpost.com,Female,101.252.19.60
89,Hastings,Duggen,hduggen2g@phpbb.com,Male,142.113.71.100
90,Yorgo,Labitt,ylabitt2h@shop-pro.jp,Male,164.128.191.78
91,Nichole,Rebert,nrebert2i@un.org,Female,55.39.192.179
92,Abbe,Pallent,apallent2j@berkeley.edu,Male,48.96.27.238
93,Cynthie,Guillot,cguillot2k@archive.org,Female,48.213.19.107
94,Levy,Tite,ltite2l@slideshare.net,Male,183.103.184.233
95,Thor,Siret,tsiret2m@mozilla.com,Male,95.79.171.73
96,Venus,Faulo,vfaulo2n@surveymonkey.com,Female,6.84.164.135
97,Konstanze,Cathesyed,kcathesyed2o@yale.edu,Female,40.241.113.116
98,Ede,Akitt,eakitt2p@is.gd,Female,77.152.201.244
99,Bebe,Springall,bspringall2q@squidoo.com,Female,68.181.215.27
100,Dion,Bovis,dbovis2r@howstuffworks.com,Male,160.96.227.255
101,Evie,Worsley,eworsley2s@issuu.com,Female,113.152.35.100
102,Theda,Daniau,tdaniau2t@tamu.edu,Female,189.51.20.35
103,Marie-jeanne,McColl,mmccoll2u@opera.com,Female,166.21.144.190
104,Alla,O'Regan,aoregan2v@wikispaces.com,Female,166.242.175.62
105,Lavina,Preuvost,lpreuvost2w@japanpost.jp,Female,176.115.107.200
106,Dorene,Bergstram,dbergstram2x@tumblr.com,Female,235.38.170.81
107,Doloritas,Alloway,dalloway2y@ca.gov,Female,255.165.172.98
108,Estevan,Arrighi,earrighi2z@mtv.com,Male,5.69.177.170
109,Omero,Seccombe,oseccombe30@hc360.com,Male,3.70.194.18
110,Shurlock,Gillbanks,sgillbanks31@wsj.com,Male,165.113.44.200
111,Ciro,Sansun,csansun32@homestead.com,Male,231.173.126.144
112,Fleurette,Ashbe,fashbe33@virginia.edu,Female,188.33.180.35
113,Trina,Aslum,taslum34@tripod.com,Female,168.65.209.0
114,Hephzibah,Guillotin,hguillotin35@boston.com,Female,23.4.119.192
115,Jeffry,Dickenson,jdickenson36@aol.com,Male,124.33.93.190
116,Nicola,Darbishire,ndarbishire37@timesonline.co.uk,Male,53.68.85.65
117,Nicholas,Brigge,nbrigge38@webs.com,Male,114.63.8.201
118,Micky,Boyes,mboyes39@is.gd,Male,69.120.94.44
119,Wayne,Andryunin,wandryunin3a@phoca.cz,Male,102.121.17.23
120,Judi,Scramage,jscramage3b@noaa.gov,Female,126.187.49.20
121,Ezmeralda,Summerell,esummerell3c@free.fr,Female,217.18.88.225
122,Linet,Haselhurst,lhaselhurst3d@smh.com.au,Female,211.112.0.18
123,Maxie,Pau,mpau3e@over-blog.com,Female,200.169.173.192
124,Abdel,Durnford,adurnford3f@ustream.tv,Male,60.18.28.138
125,Petra,Floris,pfloris3g@hud.gov,Female,201.109.81.100
126,Ruddie,Pitrollo,rpitrollo3h@nih.gov,Male,245.252.132.1
127,Marshal,Snedker,msnedker3i@baidu.com,Male,248.30.161.95
128,Aubree,Ing,aing3j@barnesandnoble.com,Female,133.226.204.31
129,Callie,Jaslem,cjaslem3k@youku.com,Female,254.16.32.108
130,Anselm,Castagnone,acastagnone3l@nih.gov,Male,205.223.10.161
131,Hyman,Thody,hthody3m@joomla.org,Male,24.130.78.123
132,Beret,Schuricht,bschuricht3n@bluehost.com,Female,126.91.155.238
133,Colby,Allwell,callwell3o@apple.com,Male,16.29.148.4
134,Arden,Seviour,aseviour3p@army.mil,Female,221.50.123.6
135,Peyter,Rawlin,prawlin3q@go.com,Male,174.189.8.104
136,Stoddard,Minocchi,sminocchi3r@discovery.com,Female,115.156.238.238
137,Griffith,Digg,gdigg3s@chron.com,Male,225.195.130.146
138,Kathlin,Gynn,kgynn3t@ftc.gov,Female,38.207.38.244
139,Cy,Artindale,cartindale3u@telegraph.co.uk,Male,54.51.164.19
140,Petronia,Earney,pearney3v@umich.edu,Female,250.121.180.51
141,Welbie,Klugman,wklugman3w@tripadvisor.com,Male,35.186.238.161
142,Clint,Gerrett,cgerrett3x@trellian.com,Male,75.160.49.249
143,Faustine,MacCahey,fmaccahey3y@uiuc.edu,Female,166.22.61.189
144,Bayard,De Cruz,bdecruz3z@creativecommons.org,Male,112.75.186.195
145,Robinson,Haxley,rhaxley40@cnbc.com,Male,91.203.132.105
146,Krishna,Matthiae,kmatthiae41@yandex.ru,Male,208.214.14.34
147,Orelie,Widmoor,owidmoor42@purevolume.com,Female,238.144.203.215
148,Myles,Farnaby,mfarnaby43@over-blog.com,Male,235.10.210.119
149,Keefer,Dinzey,kdinzey44@arstechnica.com,Male,96.114.49.68
150,Mollie,Coopland,mcoopland45@whitehouse.gov,Female,201.182.235.78
151,Cordi,Valadez,cvaladez46@soup.io,Female,125.4.132.143
152,Vitia,Lambal,vlambal47@businessinsider.com,Female,169.136.224.28
153,Jena,Arr,jarr48@ning.com,Female,188.197.218.210
154,Elenore,Kulver,ekulver49@discovery.com,Female,165.205.206.147
155,Melva,Height,mheight4a@netlog.com,Female,13.174.67.203
156,Karyn,Fritz,kfritz4b@archive.org,Female,193.6.253.175
157,Wilt,Ziems,wziems4c@e-recht24.de,Male,202.8.221.204
158,Reube,Placide,rplacide4d@flickr.com,Male,221.145.12.203
159,Iggy,Costell,icostell4e@webeden.co.uk,Male,16.248.213.71
160,Ninetta,McGowran,nmcgowran4f@dot.gov,Female,196.126.176.158
161,Gisele,Prozillo,gprozillo4g@diigo.com,Female,222.50.29.200
162,Mel,Dockery,mdockery4h@nba.com,Male,15.8.119.55
163,Stepha,Huge,shuge4i@usnews.com,Female,182.130.182.168
164,Amabel,Feare,afeare4j@nydailynews.com,Female,198.220.167.111
165,Leanna,Marnes,lmarnes4k@ow.ly,Female,209.112.23.104
166,Gerry,Kenwin,gkenwin4l@engadget.com,Male,250.67.73.1
167,Laverne,McGlaughn,lmcglaughn4m@microsoft.com,Female,174.131.232.44
168,Gardner,Camilli,gcamilli4n@examiner.com,Male,2.232.161.157
169,Truman,Sansun,tsansun4o@taobao.com,Male,80.94.180.35
170,Dorthy,Joplin,djoplin4p@webs.com,Female,163.99.89.199
171,Guenevere,Powley,gpowley4q@wunderground.com,Female,29.249.188.75
172,Georgie,Brotherhead,gbrotherhead4r@newyorker.com,Female,76.221.196.222
173,Shepperd,Pardy,spardy4s@reference.com,Male,203.58.88.225
174,Barbara-anne,Hastie,bhastie4t@smh.com.au,Female,85.123.126.111
175,Dewitt,Fullerlove,dfullerlove4u@google.fr,Male,44.206.2.110
176,Dirk,Blewmen,dblewmen4v@shareasale.com,Male,154.251.178.40
177,Angelia,McGifford,amcgifford4w@shutterfly.com,Female,196.146.103.123
178,Ernesta,Stanlike,estanlike4x@bigcartel.com,Female,76.233.182.18
179,Ferris,Smittoune,fsmittoune4y@soundcloud.com,Male,237.50.117.175
180,Noby,Harsnipe,nharsnipe4z@xrea.com,Male,50.71.249.215
181,Clementius,Grove,cgrove50@discovery.com,Male,175.87.104.113
182,Brion,Bunney,bbunney51@aol.com,Male,181.83.46.16
183,Timmy,Bracco,tbracco52@flavors.me,Male,142.36.107.186
184,Alicia,Matieu,amatieu53@macromedia.com,Female,19.16.174.230
185,Bobbie,Studdeard,bstuddeard54@behance.net,Female,78.75.97.35
186,Freemon,Monnelly,fmonnelly55@mashable.com,Male,146.210.231.206
187,Marley,Dell,mdell56@over-blog.com,Female,124.168.249.202
188,Ardelis,Cockman,acockman57@mtv.com,Female,67.107.145.234
189,Marve,Sarney,msarney58@biglobe.ne.jp,Male,50.219.16.248
190,Tabor,Ouldred,touldred59@imgur.com,Male,128.200.176.185
191,Alister,Bilham,abilham5a@furl.net,Male,17.169.217.64
192,Dorise,Joye,djoye5b@joomla.org,Female,90.9.57.254
193,Ira,Labitt,ilabitt5c@chicagotribune.com,Male,223.136.204.161
194,Gram,Spittall,gspittall5d@sohu.com,Male,161.66.199.154
195,Ricky,Jouanet,rjouanet5e@simplemachines.org,Female,166.18.166.35
196,Wash,Headland,wheadland5f@paginegialle.it,Male,31.246.213.21
197,Alane,Trighton,atrighton5g@vinaora.com,Female,248.142.148.168
198,Kerrin,Aubrey,kaubrey5h@nature.com,Female,36.125.14.145
199,Jaquelin,Scully,jscully5i@un.org,Female,186.209.67.98
200,Heddie,Leith,hleith5j@hatena.ne.jp,Female,22.6.132.189
201,Tuck,Reignard,treignard5k@dion.ne.jp,Male,59.164.176.110
202,Harvey,Schriren,hschriren5l@mozilla.com,Male,218.199.136.114
203,Larisa,Rivelon,lrivelon5m@multiply.com,Female,254.36.154.247
204,Byran,Josefson,bjosefson5n@wikispaces.com,Male,106.172.87.180
205,Margy,Grieswood,mgrieswood5o@biglobe.ne.jp,Female,97.231.51.115
206,Dmitri,Caddan,dcaddan5p@taobao.com,Male,96.96.19.24
207,Jordanna,Robinson,jrobinson5q@blogs.com,Female,104.207.114.240
208,Dwight,Yardley,dyardley5r@a8.net,Male,146.184.166.41
209,Mercedes,Arnley,marnley5s@joomla.org,Female,62.179.60.131
210,Birgitta,Exelby,bexelby5t@digg.com,Female,154.121.241.212
211,Hadley,Volkes,hvolkes5u@oracle.com,Male,106.137.105.254
212,Loralie,Jewes,ljewes5v@unicef.org,Female,226.202.153.74
213,Norby,Tomaschke,ntomaschke5w@yandex.ru,Male,57.133.184.149
214,Janetta,Endacott,jendacott5x@businesswire.com,Female,200.194.57.30
215,Timmi,Barthod,tbarthod5y@chronoengine.com,Female,35.221.160.35
216,Reginauld,Houlden,rhoulden5z@nature.com,Male,136.55.45.150
217,Delphine,Askie,daskie60@wordpress.org,Female,168.67.84.76
218,Marja,Chateau,mchateau61@hostgator.com,Female,120.3.223.121
219,Alfy,Maxted,amaxted62@blogspot.com,Female,207.138.68.225
220,Granthem,Bielfelt,gbielfelt63@opera.com,Male,97.145.106.73
221,Orsola,Simic,osimic64@flavors.me,Female,251.149.14.150
222,Rosabel,Dyde,rdyde65@intel.com,Female,174.189.159.179
223,Jobi,Cornell,jcornell66@indiatimes.com,Female,112.120.209.171
224,Beth,Stubbington,bstubbington67@t.co,Female,196.138.36.151
225,Georgeta,Gother,ggother68@wordpress.org,Female,131.139.16.176
226,Rosene,Thon,rthon69@friendfeed.com,Female,227.95.10.227
227,Maurene,Pinshon,mpinshon6a@upenn.edu,Female,198.168.228.147
228,Bartlet,Clement,bclement6b@msu.edu,Male,116.2.3.83
229,Nicola,Giannazzi,ngiannazzi6c@apple.com,Male,38.155.32.83
230,Lindy,Yeldon,lyeldon6d@yolasite.com,Female,163.239.233.60
231,Felicdad,Duffett,fduffett6e@usnews.com,Female,128.187.202.75
232,Emanuele,Bogaert,ebogaert6f@list-manage.com,Male,68.198.146.245
233,Timotheus,Thwaites,tthwaites6g@time.com,Male,191.98.17.41
234,Wittie,McGiveen,wmcgiveen6h@studiopress.com,Male,210.158.97.78
235,Petunia,Bellow,pbellow6i@webeden.co.uk,Female,66.229.225.157
236,Veronique,Linthead,vlinthead6j@imgur.com,Female,224.200.203.190
237,Bevin,Stawell,bstawell6k@time.com,Male,19.12.86.86
238,Georgianne,Rider,grider6l@webeden.co.uk,Female,32.120.120.123
239,Dukey,Pitchers,dpitchers6m@storify.com,Male,127.249.26.23
240,Jody,Stennet,jstennet6n@goo.gl,Female,202.168.183.61
241,Elset,Tommei,etommei6o@zimbio.com,Female,171.233.169.71
242,Herculie,Bushaway,hbushaway6p@clickbank.net,Male,11.95.243.158
243,Caron,Elmhurst,celmhurst6q@fc2.com,Female,193.200.3.218
244,Bar,Mitton,bmitton6r@zdnet.com,Male,165.11.113.56
245,Erie,Antoniak,eantoniak6s@cargocollective.com,Male,154.221.140.97
246,Sibyl,Binnell,sbinnell6t@istockphoto.com,Female,182.184.140.237
247,Adriano,Neaves,aneaves6u@com.com,Male,135.106.163.109
248,Sergio,Oneile,soneile6v@cocolog-nifty.com,Male,153.59.211.18
249,Goldie,Queripel,gqueripel6w@skyrock.com,Female,232.225.248.101
250,Traver,Ludwikiewicz,tludwikiewicz6x@bizjournals.com,Male,197.191.208.163
251,Eldin,Surgey,esurgey6y@sbwire.com,Male,70.191.130.244
252,Waylon,Doog,wdoog6z@quantcast.com,Male,0.67.203.179
253,Hector,Antecki,hantecki70@privacy.gov.au,Male,254.26.186.237
254,Merna,McGilvary,mmcgilvary71@bigcartel.com,Female,37.193.83.78
255,Erda,Birtwhistle,ebirtwhistle72@msu.edu,Female,196.79.67.51
256,Bengt,Briant,bbriant73@imgur.com,Male,98.3.72.167
257,Karol,Bottoms,kbottoms74@noaa.gov,Female,187.251.145.160
258,Woodie,De Laspee,wdelaspee75@ftc.gov,Male,155.6.61.119
259,Stanley,Wakeford,swakeford76@lulu.com,Male,190.98.214.228
260,Russ,Tolemache,rtolemache77@flavors.me,Male,254.225.165.119
261,Ariadne,Scroyton,ascroyton78@ocn.ne.jp,Female,244.109.127.161
262,Andie,Dewey,adewey79@ask.com,Male,182.92.142.183
263,Garvin,Caddell,gcaddell7a@springer.com,Male,0.188.87.208
264,Mersey,Munford,mmunford7b@prweb.com,Female,209.227.160.101
265,Ashley,Brackenridge,abrackenridge7c@zimbio.com,Male,243.200.110.75
266,Mirna,Gravells,mgravells7d@networksolutions.com,Female,78.192.172.253
267,Dody,Bellay,dbellay7e@plala.or.jp,Female,30.126.252.246
268,Karol,Scopes,kscopes7f@indiatimes.com,Female,87.3.20.66
269,Joya,Portt,jportt7g@smh.com.au,Female,188.183.190.224
270,Neddie,Clement,nclement7h@unesco.org,Male,133.151.230.115
271,Mickie,Keates,mkeates7i@wufoo.com,Female,221.222.193.143
272,Tristan,Abadam,tabadam7j@cisco.com,Male,48.72.71.100
273,Irwin,Coviello,icoviello7k@google.de,Male,8.238.161.64
274,Babb,Piotr,bpiotr7l@ucoz.com,Female,11.181.10.36
275,Abe,Biasetti,abiasetti7m@usnews.com,Male,121.239.197.158
276,Karisa,Loveard,kloveard7n@reddit.com,Female,229.220.206.127
277,Hilarius,Jedryka,hjedryka7o@edublogs.org,Male,239.103.15.190
278,Bengt,Tomley,btomley7p@time.com,Male,190.216.78.87
279,Uri,Treat,utreat7q@jigsy.com,Male,56.231.115.175
280,Pattin,Chiese,pchiese7r@businessweek.com,Male,3.86.229.135
281,Reeva,Ruffli,rruffli7s@bloglines.com,Female,2.114.5.122
282,Lewes,Murby,lmurby7t@upenn.edu,Male,6.224.235.138
283,Jackie,Dacca,jdacca7u@yellowbook.com,Male,86.59.130.152
284,Sunny,Harder,sharder7v@chronoengine.com,Female,215.109.124.217
285,Ara,Beggini,abeggini7w@wiley.com,Male,37.106.36.94
286,Jeanelle,Ashburner,jashburner7x@desdev.cn,Female,162.135.56.253
287,Clevey,Radloff,cradloff7y@rakuten.co.jp,Male,153.171.223.49
288,Maurie,Sucre,msucre7z@house.gov,Male,232.104.166.179
289,Dixie,Milsted,dmilsted80@wikimedia.org,Female,132.141.113.227
290,Nomi,Galliford,ngalliford81@theatlantic.com,Female,154.165.179.125
291,Robbie,Verity,rverity82@cnn.com,Male,242.118.201.223
292,Nari,Bein,nbein83@ask.com,Female,108.49.207.152
293,Inge,Lunny,ilunny84@geocities.com,Female,84.238.110.213
294,Shelden,Fitchet,sfitchet85@sun.com,Male,217.209.129.103
295,Alice,Boc,aboc86@skyrock.com,Female,126.185.38.36
296,Sheela,Oxbie,soxbie87@yandex.ru,Female,206.6.104.184
297,Sigismund,Meade,smeade88@japanpost.jp,Male,226.192.133.89
298,Miles,Mettrick,mmettrick89@friendfeed.com,Male,101.35.218.28
299,Agace,Mackness,amackness8a@meetup.com,Female,59.41.159.238
300,Nita,Bernaciak,nbernaciak8b@usatoday.com,Female,106.175.149.48
301,Rudiger,Corain,rcorain8c@ezinearticles.com,Male,211.150.3.135
302,Crystie,Blaszkiewicz,cblaszkiewicz8d@mail.ru,Female,130.221.177.185
303,Janeta,Chidlow,jchidlow8e@woothemes.com,Female,229.128.90.205
304,Brandtr,Shinner,bshinner8f@google.co.uk,Male,77.40.204.6
305,Phaidra,Wand,pwand8g@mayoclinic.com,Female,115.79.225.105
306,Chantal,Truin,ctruin8h@soup.io,Female,79.214.81.108
307,Lorianna,Yakutin,lyakutin8i@jimdo.com,Female,47.56.159.97
308,Talbert,Beine,tbeine8j@indiatimes.com,Male,26.87.118.164
309,Gisella,Matysiak,gmatysiak8k@toplist.cz,Female,251.63.123.141
310,Allie,Egginson,aegginson8l@stumbleupon.com,Female,214.79.47.128
311,Terrye,Chidley,tchidley8m@stumbleupon.com,Female,124.73.34.182
312,Cinda,Symons,csymons8n@ucsd.edu,Female,77.244.22.241
313,Norean,Oglesbee,noglesbee8o@altervista.org,Female,94.22.84.220
314,Lil,McKyrrelly,lmckyrrelly8p@miitbeian.gov.cn,Female,64.36.158.229
315,Teressa,Morde,tmorde8q@bigcartel.com,Female,194.215.5.113
316,Binnie,Duprey,bduprey8r@alexa.com,Female,18.58.42.35
317,Johan,Blakely,jblakely8s@unblog.fr,Male,95.152.231.103
318,Ellary,Bennellick,ebennellick8t@goo.gl,Male,41.13.184.37
319,Kristo,Louiset,klouiset8u@google.com,Male,227.128.97.210
320,Giselbert,Aplin,gaplin8v@nsw.gov.au,Male,211.176.113.52
321,Carlynn,Darracott,cdarracott8w@yale.edu,Female,123.18.224.170
322,Valeda,Asling,vasling8x@dell.com,Female,140.174.52.40
323,Ernest,Blundan,eblundan8y@dailymotion.com,Male,230.170.109.187
324,Rodrique,Thornally,rthornally8z@zimbio.com,Male,162.64.77.24
325,Julina,Geeves,jgeeves90@bizjournals.com,Female,191.1.168.15
326,Ted,Huke,thuke91@wordpress.org,Female,103.51.147.253
327,Selby,Cassidy,scassidy92@slashdot.org,Male,198.231.109.80
328,Alta,Suggey,asuggey93@oracle.com,Female,147.82.241.200
329,Gay,Sivell,gsivell94@google.co.jp,Male,190.167.221.11
330,Lisbeth,Bispham,lbispham95@etsy.com,Female,140.38.67.173
331,Ira,McMillian,imcmillian96@epa.gov,Female,130.21.229.50
332,Fin,Jone,fjone97@sfgate.com,Male,233.64.214.14
333,Colby,Ridge,cridge98@dropbox.com,Male,218.174.102.233
334,Hana,Haslock,hhaslock99@facebook.com,Female,4.3.10.212
335,Orbadiah,Tuckwell,otuckwell9a@cnet.com,Male,242.13.86.92
336,Dick,Vernon,dvernon9b@live.com,Male,225.9.1.191
337,Baxter,Demogeot,bdemogeot9c@fotki.com,Male,238.184.59.248
338,Jeremiah,Penketh,jpenketh9d@fema.gov,Male,194.224.226.71
339,Keene,Prazer,kprazer9e@utexas.edu,Male,167.241.107.121
340,Gaylord,Dudney,gdudney9f@theglobeandmail.com,Male,153.182.78.204
341,Jade,Portch,jportch9g@discuz.net,Female,123.189.237.29
342,Jennette,Staff,jstaff9h@360.cn,Female,143.163.46.46
343,Juan,Hessel,jhessel9i@linkedin.com,Male,127.219.112.193
344,Starlin,Breedy,sbreedy9j@twitter.com,Female,113.159.221.98
345,Lilla,McInulty,lmcinulty9k@rediff.com,Female,119.125.7.142
346,Katerina,McIlraith,kmcilraith9l@photobucket.com,Female,216.140.131.124
347,Cati,MacHostie,cmachostie9m@amazon.co.jp,Female,135.125.42.207
348,Kippy,Symes,ksymes9n@ft.com,Male,15.168.23.233
349,Dawn,Saddler,dsaddler9o@reverbnation.com,Female,67.38.242.199
350,Juli,Bursell,jbursell9p@bravesites.com,Female,211.173.230.254
351,Emalia,Ors,eors9q@nationalgeographic.com,Female,217.174.151.83
352,Ginnifer,Gimeno,ggimeno9r@wsj.com,Female,114.0.63.156
353,Bond,Hainge,bhainge9s@alibaba.com,Male,59.27.5.24
354,Ilysa,Ivancevic,iivancevic9t@google.fr,Female,149.129.244.251
355,Dorthea,Hoggin,dhoggin9u@java.com,Female,228.211.217.86
356,Maggi,Spore,mspore9v@weibo.com,Female,51.175.208.79
357,Gilligan,Natte,gnatte9w@vistaprint.com,Female,98.76.150.78
358,Hagen,Daine,hdaine9x@army.mil,Male,128.44.86.41
359,Valma,Lochead,vlochead9y@yellowbook.com,Female,168.14.29.127
360,Lockwood,Ferrige,lferrige9z@gmpg.org,Male,86.132.27.115
361,Lezley,Tytterton,ltyttertona0@addtoany.com,Male,76.127.126.66
362,Liz,Braddon,lbraddona1@pinterest.com,Female,159.40.227.106
363,Katti,De Stoop,kdestoopa2@cocolog-nifty.com,Female,78.20.241.150
364,Melodie,Belk,mbelka3@vistaprint.com,Female,191.43.190.27
365,Torry,Sprague,tspraguea4@nhs.uk,Male,85.213.181.107
366,Kristopher,Ouver,kouvera5@gov.uk,Male,243.149.120.191
367,Joline,Kinig,jkiniga6@mit.edu,Female,98.105.181.239
368,Augusto,Ponsford,aponsforda7@google.de,Male,79.184.29.241
369,Hubie,Kirkman,hkirkmana8@histats.com,Male,249.203.173.80
370,Gal,Grunbaum,ggrunbauma9@freewebs.com,Male,124.220.56.25
371,Stacie,Crow,scrowaa@mozilla.org,Female,162.22.80.154
372,Lucie,Menghi,lmenghiab@liveinternet.ru,Female,107.105.68.237
373,Angelle,Rayne,arayneac@foxnews.com,Female,210.204.7.75
374,Lyle,Liccardo,lliccardoad@admin.ch,Male,126.47.68.41
375,Jenna,Berthot,jberthotae@meetup.com,Female,128.84.223.57
376,Constantin,Dalgarnowch,cdalgarnowchaf@unc.edu,Male,216.176.217.231
377,Orsa,Abdy,oabdyag@mtv.com,Female,208.111.14.123
378,Nickie,Klarzynski,nklarzynskiah@redcross.org,Male,43.224.155.63
379,Rodie,Kenn,rkennai@hostgator.com,Female,97.26.69.73
380,Hobart,Dower,hdoweraj@omniture.com,Male,253.108.206.92
381,Cory,Sweeting,csweetingak@1688.com,Female,89.186.170.245
382,Tanitansy,Spore,tsporeal@whitehouse.gov,Female,163.62.223.230
383,Fee,Dominy,fdominyam@edublogs.org,Male,197.4.83.127
384,Tommie,Jancy,tjancyan@typepad.com,Male,8.60.22.130
385,Marshall,Easlea,measleaao@salon.com,Male,130.42.177.34
386,Tobit,Grigolashvill,tgrigolashvillap@ft.com,Male,84.3.198.164
387,Hermy,Caplen,hcaplenaq@cmu.edu,Male,225.100.115.224
388,Jehanna,Karpov,jkarpovar@ucla.edu,Female,61.210.136.167
389,Lincoln,Tiron,ltironas@springer.com,Male,183.46.233.214
390,Bordy,Duxbarry,bduxbarryat@china.com.cn,Male,6.216.152.133
391,Kelwin,Chatel,kchatelau@mapquest.com,Male,135.33.243.199
392,Josepha,Mulcaster,jmulcasterav@1und1.de,Female,141.122.228.213
393,Ganny,Stillmann,gstillmannaw@booking.com,Male,230.17.46.144
394,Korrie,Nutter,knutterax@elpais.com,Female,218.54.250.146
395,Clement,Peteri,cpeteriay@de.vu,Male,21.26.145.80
396,Ardys,Dondon,adondonaz@epa.gov,Female,248.180.173.111
397,Hermon,Digginson,hdigginsonb0@clickbank.net,Male,160.180.208.65
398,Trace,Roughan,troughanb1@oaic.gov.au,Male,89.106.195.25
399,Angel,Messam,amessamb2@mac.com,Female,174.44.45.102
400,Chery,Yarrell,cyarrellb3@xing.com,Female,11.224.75.191
401,Adam,Semkins,asemkinsb4@e-recht24.de,Male,11.188.23.6
402,Nerty,Prime,nprimeb5@smh.com.au,Female,184.237.187.248
403,Brietta,de Clerk,bdeclerkb6@whitehouse.gov,Female,145.71.211.89
404,Douglass,Hooks,dhooksb7@ca.gov,Male,182.172.180.154
405,Ferrell,Menure,fmenureb8@va.gov,Male,114.114.151.253
406,Aristotle,Hunt,ahuntb9@sitemeter.com,Male,67.124.167.94
407,Binky,Gauld,bgauldba@cpanel.net,Male,86.128.211.141
408,Tersina,Clouter,tclouterbb@google.co.uk,Female,19.223.124.2
409,Sadye,Essel,sesselbc@jalbum.net,Female,105.56.42.186
410,Rebeka,Cheley,rcheleybd@ocn.ne.jp,Female,32.125.47.244
411,Dianemarie,Thackston,dthackstonbe@columbia.edu,Female,200.215.125.27
412,Gian,Ambage,gambagebf@linkedin.com,Male,240.193.129.218
413,Normand,De Cruz,ndecruzbg@auda.org.au,Male,35.87.167.182
414,Paulo,Langmuir,plangmuirbh@homestead.com,Male,173.230.241.13
415,Granville,Garnall,ggarnallbi@ebay.com,Male,97.118.228.3
416,Town,Tammadge,ttammadgebj@hatena.ne.jp,Male,210.186.29.255
417,Wildon,Boddie,wboddiebk@wordpress.org,Male,127.2.231.209
418,Elisha,Cruxton,ecruxtonbl@slashdot.org,Female,52.29.89.228
419,Idette,Espada,iespadabm@skyrock.com,Female,180.224.72.205
420,Ibbie,Rubbens,irubbensbn@canalblog.com,Female,94.192.229.243
421,Jim,Tuffley,jtuffleybo@goo.gl,Male,118.10.129.169
422,Galina,Reijmers,greijmersbp@so-net.ne.jp,Female,104.136.207.195
423,Scarface,Penwright,spenwrightbq@sitemeter.com,Male,112.213.234.172
424,Luise,Meeson,lmeesonbr@uol.com.br,Female,75.93.215.35
425,Nickola,Bebb,nbebbbs@virginia.edu,Male,133.31.31.90
426,Delmore,Luna,dlunabt@sourceforge.net,Male,66.206.99.202
427,Alison,Nelissen,anelissenbu@rambler.ru,Female,52.172.112.115
428,Brittany,Fiddiman,bfiddimanbv@jiathis.com,Female,55.154.217.104
429,Cory,O'Hengerty,cohengertybw@people.com.cn,Female,97.210.11.133
430,Gannie,Vertigan,gvertiganbx@instagram.com,Male,241.71.5.9
431,Doreen,Fusedale,dfusedaleby@about.com,Female,236.186.237.27
432,Terza,Alexandersen,talexandersenbz@alibaba.com,Female,109.109.33.173
433,Forrest,Ciobutaru,fciobutaruc0@eepurl.com,Male,168.145.233.111
434,Kym,Zapatero,kzapateroc1@vinaora.com,Female,175.210.101.187
435,Brod,Crasswell,bcrasswellc2@gravatar.com,Male,37.13.202.36
436,Amble,Greaves,agreavesc3@china.com.cn,Male,64.213.24.46
437,Shalne,Honack,shonackc4@cbc.ca,Female,170.146.179.52
438,Carlynn,Scoines,cscoinesc5@eventbrite.com,Female,81.214.34.245
439,Gabriel,Lidbetter,glidbetterc6@php.net,Male,146.188.169.180
440,Emmalyn,MacGorley,emacgorleyc7@jugem.jp,Female,53.148.207.86
441,Darrick,Fanthome,dfanthomec8@1688.com,Male,69.61.81.193
442,Millie,Parsonson,mparsonsonc9@washington.edu,Female,6.13.6.195
443,Ermengarde,Broseke,ebrosekeca@ed.gov,Female,73.164.237.150
444,Lisa,Waterstone,lwaterstonecb@mit.edu,Female,6.173.90.140
445,Kettie,Waiting,kwaitingcc@webmd.com,Female,64.229.19.101
446,Vinson,Kamienski,vkamienskicd@wordpress.com,Male,111.28.79.192
447,Madeleine,Spinello,mspinelloce@opensource.org,Female,89.102.35.158
448,Pollyanna,Deeman,pdeemancf@vk.com,Female,54.235.222.97
449,Shamus,Crossthwaite,scrossthwaitecg@blog.com,Male,110.192.209.98
450,Marget,Manueli,mmanuelich@who.int,Female,127.171.75.97
451,Nickolaus,Treadaway,ntreadawayci@economist.com,Male,160.203.142.221
452,Maude,Chaplyn,mchaplyncj@smh.com.au,Female,167.240.142.61
453,Vikky,Sloat,vsloatck@wisc.edu,Female,90.237.221.209
454,Jasmina,Tanzer,jtanzercl@1und1.de,Female,89.204.87.99
455,Kerrill,Burghill,kburghillcm@printfriendly.com,Female,31.60.230.163
456,Ulrika,Tharme,utharmecn@google.com.au,Female,13.221.12.31
457,Nelly,Hatwells,nhatwellsco@ning.com,Female,222.60.163.46
458,Reginald,Grevatt,rgrevattcp@addtoany.com,Male,252.222.52.108
459,Dicky,Kohrt,dkohrtcq@mac.com,Male,127.34.85.138
460,Herman,Breydin,hbreydincr@google.de,Male,216.58.74.234
461,Ardra,Goude,agoudecs@discuz.net,Female,42.13.81.12
462,Cicely,Edmeades,cedmeadesct@fotki.com,Female,238.251.242.195
463,Deloris,Kynson,dkynsoncu@sakura.ne.jp,Female,38.208.171.163
464,Charil,Dimitrescu,cdimitrescucv@dropbox.com,Female,77.50.144.101
465,Astrid,Bircher,abirchercw@washingtonpost.com,Female,86.32.108.238
466,Calli,Loddy,cloddycx@oakley.com,Female,75.74.134.26
467,Missie,Spittles,mspittlescy@amazon.com,Female,38.202.80.181
468,Opalina,Badwick,obadwickcz@netlog.com,Female,171.212.186.29
469,Jenelle,Slainey,jslaineyd0@nytimes.com,Female,49.241.111.147
470,Steward,Cavey,scaveyd1@fda.gov,Male,189.217.30.238
471,Leonerd,Talks,ltalksd2@posterous.com,Male,22.201.116.30
472,Sayre,Noorwood,snoorwoodd3@cdc.gov,Male,211.220.24.155
473,Baryram,Curry,bcurryd4@oaic.gov.au,Male,188.252.37.218
474,Codi,Bellinger,cbellingerd5@issuu.com,Male,134.50.119.127
475,Lee,MacGillreich,lmacgillreichd6@list-manage.com,Male,179.196.242.197
476,Tobiah,Castellaccio,tcastellacciod7@yelp.com,Male,82.62.206.227
477,Eleen,Slyde,eslyded8@ted.com,Female,112.205.234.200
478,Theresita,Dowley,tdowleyd9@issuu.com,Female,7.232.135.93
479,Tybalt,Sotheby,tsothebyda@geocities.com,Male,191.113.240.158
480,Terry,Olpin,tolpindb@domainmarket.com,Male,139.21.80.231
481,Essy,Hellikes,ehellikesdc@cnet.com,Female,201.53.200.83
482,Kipp,Earle,kearledd@plala.or.jp,Female,131.77.252.36
483,Sherlock,Jeckells,sjeckellsde@newsvine.com,Male,232.87.7.33
484,Thornie,Manchett,tmanchettdf@usda.gov,Male,3.158.133.65
485,Leonora,Inchbald,linchbalddg@ibm.com,Female,13.224.243.141
486,Clarence,Chawkley,cchawkleydh@xing.com,Male,168.248.85.1
487,Sandra,Kingcote,skingcotedi@linkedin.com,Female,137.223.136.105
488,King,Free,kfreedj@yolasite.com,Male,239.214.198.86
489,Giles,Steinor,gsteinordk@si.edu,Male,137.204.100.23
490,Stearne,Spellecy,sspellecydl@nationalgeographic.com,Male,2.21.193.73
491,Serge,Bolgar,sbolgardm@multiply.com,Male,16.93.209.77
492,Violetta,Bail,vbaildn@hhs.gov,Female,151.233.149.12
493,Temp,Aynsley,taynsleydo@edublogs.org,Male,66.175.12.234
494,Merrie,Braunle,mbraunledp@360.cn,Female,119.111.145.72
495,Ivory,Backe,ibackedq@comsenz.com,Female,6.148.8.25
496,Tiebout,Kelmere,tkelmeredr@uol.com.br,Male,13.243.73.106
497,Erma,Paschke,epaschkeds@myspace.com,Female,43.254.43.222
498,Lisetta,Klinck,lklinckdt@disqus.com,Female,172.145.25.166
499,Queenie,Baffin,qbaffindu@blogspot.com,Female,166.130.80.160
500,Leonanie,Tigwell,ltigwelldv@cbslocal.com,Female,7.95.59.152
501,Noam,Aldington,naldingtondw@stumbleupon.com,Male,214.1.195.52
502,Jecho,Stanaway,jstanawaydx@behance.net,Male,92.16.175.69
503,Cosetta,Golson,cgolsondy@quantcast.com,Female,131.104.53.130
504,Anthony,Fawdry,afawdrydz@umich.edu,Male,77.210.56.179
505,Alameda,Caskey,acaskeye0@bizjournals.com,Female,180.240.8.202
506,Haley,Elcock,helcocke1@mozilla.com,Male,52.151.45.19
507,Morse,Hulburt,mhulburte2@tamu.edu,Male,40.220.48.158
508,Christye,Deble,cdeblee3@si.edu,Female,184.193.210.177
509,Christiane,Jindacek,cjindaceke4@drupal.org,Female,67.208.182.81
510,Dallon,Cavell,dcavelle5@feedburner.com,Male,253.227.66.232
511,Theresita,Brackenbury,tbrackenburye6@tinypic.com,Female,63.133.48.100
512,Loren,Spenley,lspenleye7@geocities.com,Female,56.102.72.160
513,Tadio,Pluvier,tpluviere8@nydailynews.com,Male,54.172.230.15
514,Lorin,Churchman,lchurchmane9@jugem.jp,Male,193.5.52.247
515,Johann,Sego,jsegoea@merriam-webster.com,Male,204.202.25.136
516,Matteo,Hoogendorp,mhoogendorpeb@homestead.com,Male,80.206.86.40
517,Krystyna,MacTrustey,kmactrusteyec@fema.gov,Female,69.171.192.247
518,Conrade,Brassington,cbrassingtoned@creativecommons.org,Male,35.15.57.40
519,Tisha,Bard,tbardee@opera.com,Female,105.84.7.99
520,Cos,Lunam,clunamef@engadget.com,Male,62.66.157.203
521,Clotilda,Ballay,cballayeg@wisc.edu,Female,43.23.100.113
522,Kissiah,Assiratti,kassirattieh@ted.com,Female,11.84.226.189
523,Ronda,Spellsworth,rspellsworthei@guardian.co.uk,Female,169.86.192.194
524,Edan,Davidavidovics,edavidavidovicsej@flavors.me,Male,220.104.242.140
525,Rasla,Adamides,radamidesek@addthis.com,Female,208.202.191.169
526,Bradford,Enriquez,benriquezel@booking.com,Male,70.55.97.116
527,Teador,Birrane,tbirraneem@hugedomains.com,Male,237.113.3.65
528,Breena,Sowman,bsowmanen@mapy.cz,Female,125.226.135.15
529,Melody,Melbourne,mmelbourneeo@icq.com,Female,88.163.106.141
530,Norene,Tomsu,ntomsuep@privacy.gov.au,Female,137.141.227.138
531,Gabbie,Dimont,gdimonteq@narod.ru,Female,156.117.228.176
532,Bearnard,Dannehl,bdannehler@tripod.com,Male,211.15.2.26
533,Reta,Mallatratt,rmallatrattes@wunderground.com,Female,130.14.96.239
534,Godard,Hamerton,ghamertonet@dot.gov,Male,197.87.195.94
535,Clarita,Sinisbury,csinisburyeu@php.net,Female,255.229.22.92
536,Cassie,Willcott,cwillcottev@amazon.co.uk,Female,221.28.206.186
537,Sephira,MacKee,smackeeew@diigo.com,Female,23.214.53.99
538,Rivalee,Keepin,rkeepinex@sphinn.com,Female,225.29.136.239
539,Jonis,Igonet,jigonetey@mediafire.com,Female,154.173.78.48
540,Tyrone,Leemans,tleemansez@nhs.uk,Male,66.109.104.240
541,Saudra,Cotgrove,scotgrovef0@xinhuanet.com,Female,41.191.144.16
542,Sky,Signori,ssignorif1@techcrunch.com,Male,215.228.102.50
543,Pauletta,Teasey,pteaseyf2@chronoengine.com,Female,204.36.2.93
544,Inger,Wedlock,iwedlockf3@simplemachines.org,Female,88.72.86.57
545,Larine,O'Regan,loreganf4@dailymail.co.uk,Female,38.235.22.231
546,Lin,McPeice,lmcpeicef5@ftc.gov,Male,210.126.136.219
547,Jacklyn,Madgwick,jmadgwickf6@addthis.com,Female,1.142.243.105
548,Shellie,Grimshaw,sgrimshawf7@wufoo.com,Female,106.224.212.15
549,Wynnie,Barwise,wbarwisef8@webmd.com,Female,114.137.27.48
550,Ellary,Forde,efordef9@npr.org,Male,191.24.30.232
551,Veriee,Ridgway,vridgwayfa@4shared.com,Female,236.253.15.9
552,Annetta,Wyrall,awyrallfb@slate.com,Female,193.141.175.137
553,Ruttger,Benjamin,rbenjaminfc@privacy.gov.au,Male,227.173.96.9
554,Phedra,Enderby,penderbyfd@sphinn.com,Female,54.61.248.94
555,Jedediah,Johnston,jjohnstonfe@mayoclinic.com,Male,132.165.81.91
556,Dallas,Fost,dfostff@bing.com,Male,215.13.158.96
557,Tom,Josland,tjoslandfg@devhub.com,Male,108.102.117.227
558,Reinhold,Hughlock,rhughlockfh@ft.com,Male,20.186.74.254
559,Devora,Olechnowicz,dolechnowiczfi@elpais.com,Female,30.197.67.216
560,Natalina,Bosher,nbosherfj@macromedia.com,Female,60.199.202.18
561,Gerta,Hyder,ghyderfk@washington.edu,Female,92.165.200.166
562,Don,Paddefield,dpaddefieldfl@discuz.net,Male,1.169.52.90
563,Gabbi,Chamberlaine,gchamberlainefm@si.edu,Female,8.242.184.231
564,Ebeneser,Herreros,eherrerosfn@studiopress.com,Male,66.217.126.192
565,Amanda,Wardrop,awardropfo@etsy.com,Female,48.54.154.43
566,Serene,Gianulli,sgianullifp@marketwatch.com,Female,204.53.108.228
567,Anjanette,Gass,agassfq@ovh.net,Female,67.80.243.238
568,Arron,Ashpole,aashpolefr@so-net.ne.jp,Male,71.254.211.194
569,Ham,Sherland,hsherlandfs@ft.com,Male,187.72.186.153
570,Jay,Penniell,jpenniellft@yolasite.com,Male,149.17.211.228
571,Miguela,Meneo,mmeneofu@redcross.org,Female,86.72.147.71
572,Petr,Eglese,peglesefv@nasa.gov,Male,36.50.116.233
573,Danita,Raise,draisefw@geocities.com,Female,206.117.3.29
574,Ardis,Studart,astudartfx@paginegialle.it,Female,142.2.102.103
575,Yardley,Whitley,ywhitleyfy@bizjournals.com,Male,39.240.179.238
576,Miltie,Cripin,mcripinfz@auda.org.au,Male,98.117.51.49
577,Maribeth,Schust,mschustg0@flickr.com,Female,255.167.108.246
578,Maximilianus,McCamish,mmccamishg1@qq.com,Male,54.191.57.155
579,Angelle,Ingrey,aingreyg2@house.gov,Female,62.46.146.139
580,Deanne,Pearce,dpearceg3@yandex.ru,Female,7.230.199.220
581,Broderick,Sissons,bsissonsg4@csmonitor.com,Male,191.149.221.44
582,Eberto,Pierrepont,epierrepontg5@state.gov,Male,17.99.62.141
583,Mala,Darkins,mdarkinsg6@storify.com,Female,130.19.166.135
584,Ignatius,Groves,igrovesg7@com.com,Male,178.48.30.53
585,Isabella,Farnhill,ifarnhillg8@nsw.gov.au,Female,106.7.155.214
586,Claudetta,Di Carli,cdicarlig9@nih.gov,Female,169.115.154.36
587,Dilan,Southcoat,dsouthcoatga@cyberchimps.com,Male,218.80.75.23
588,Bernarr,Derrington,bderringtongb@google.pl,Male,185.212.146.44
589,Iona,Nickoll,inickollgc@princeton.edu,Female,105.209.45.169
590,Hillyer,Durnin,hdurningd@spotify.com,Male,243.20.131.136
591,Barbara,Ervine,bervinege@tiny.cc,Female,223.207.90.55
592,Normand,Dionisetto,ndionisettogf@t-online.de,Male,91.123.10.138
593,Nanny,Bowlesworth,nbowlesworthgg@mozilla.com,Female,50.10.40.91
594,Darcey,Stamper,dstampergh@pbs.org,Female,175.96.38.224
595,Norman,Thrush,nthrushgi@w3.org,Male,68.180.173.92
596,Rogerio,Frayn,rfrayngj@flickr.com,Male,45.227.155.160
597,Jodi,Stears,jstearsgk@msu.edu,Male,255.167.24.62
598,Noami,Rottenbury,nrottenburygl@phpbb.com,Female,118.197.207.94
599,Markos,Carlsson,mcarlssongm@ask.com,Male,203.101.194.226
600,Vanessa,Perch,vperchgn@paypal.com,Female,186.245.16.12
601,Mufi,Sciusscietto,msciussciettogo@house.gov,Female,172.18.120.155
602,Nikkie,Thompson,nthompsongp@phpbb.com,Female,16.55.213.178
603,Bert,Cleghorn,bcleghorngq@storify.com,Male,133.170.179.4
604,Korrie,Luxford,kluxfordgr@wp.com,Female,148.154.245.221
605,Tito,Cox,tcoxgs@sakura.ne.jp,Male,78.125.230.50
606,Wendy,Caldron,wcaldrongt@businesswire.com,Female,76.42.9.176
607,Beck,Steffan,bsteffangu@oaic.gov.au,Male,21.250.204.115
608,Cazzie,Di Angelo,cdiangelogv@google.pl,Male,212.122.146.231
609,Jacky,Bartczak,jbartczakgw@cam.ac.uk,Female,3.128.237.70
610,Frederigo,Sand,fsandgx@cam.ac.uk,Male,134.85.114.227
611,Bourke,Crichten,bcrichtengy@earthlink.net,Male,236.235.24.211
612,Alanah,Cohalan,acohalangz@digg.com,Female,164.53.105.123
613,Javier,Tocqueville,jtocquevilleh0@nyu.edu,Male,43.254.169.169
614,Nicolas,While,nwhileh1@moonfruit.com,Male,74.190.16.237
615,Clary,Lowmass,clowmassh2@acquirethisname.com,Female,79.168.136.25
616,Ives,Falls,ifallsh3@redcross.org,Male,152.27.233.46
617,Olva,Leggan,olegganh4@ebay.com,Female,76.147.8.143
618,Nadia,Pawden,npawdenh5@livejournal.com,Female,135.178.5.66
619,Joanna,Dickings,jdickingsh6@cnet.com,Female,99.1.194.201
620,Paten,Avrahamof,pavrahamofh7@hc360.com,Male,212.166.184.116
621,Arlyn,Parr,aparrh8@ifeng.com,Female,5.204.190.83
622,Billie,Merck,bmerckh9@alexa.com,Female,197.53.97.197
623,Durward,Sopper,dsopperha@cbslocal.com,Male,241.51.224.201
624,Francis,Hovey,fhoveyhb@e-recht24.de,Male,39.72.119.32
625,Adrien,Root,aroothc@fastcompany.com,Male,164.60.247.34
626,Myrna,Godsil,mgodsilhd@bloomberg.com,Female,34.118.5.56
627,Rob,Janczewski,rjanczewskihe@squarespace.com,Male,232.68.11.133
628,Lloyd,Smalman,lsmalmanhf@pen.io,Male,187.133.171.0
629,Dreddy,Cool,dcoolhg@sfgate.com,Female,67.99.130.1
630,Waylin,Widocks,wwidockshh@google.com,Male,33.253.84.151
631,Tessi,Balmadier,tbalmadierhi@51.la,Female,20.145.88.177
632,Albrecht,Exon,aexonhj@etsy.com,Male,250.21.234.188
633,Katerine,Bracken,kbrackenhk@hugedomains.com,Female,170.255.68.237
634,Robinett,Gethen,rgethenhl@alexa.com,Female,224.95.171.11
635,Hobard,Robotham,hrobothamhm@aol.com,Male,137.234.166.150
636,Alverta,Hukin,ahukinhn@goo.ne.jp,Female,59.97.80.158
637,Leshia,Bonnin,lbonninho@creativecommons.org,Female,0.82.131.157
638,Winn,Hymans,whymanshp@hibu.com,Male,33.15.26.71
639,Stephen,Fountian,sfountianhq@geocities.jp,Male,201.62.25.200
640,Jandy,Luis,jluishr@discovery.com,Female,18.184.38.7
641,Shelley,Shiliton,sshilitonhs@rediff.com,Female,246.72.161.11
642,Tan,Dellenbroker,tdellenbrokerht@booking.com,Male,3.26.180.33
643,Nora,Raulstone,nraulstonehu@archive.org,Female,176.198.10.107
644,Gusty,Cockroft,gcockrofthv@dot.gov,Female,73.60.45.114
645,Honey,Roden,hrodenhw@icio.us,Female,49.99.55.137
646,Lila,Roberti,lrobertihx@freewebs.com,Female,189.231.206.235
647,Sherwynd,Pippin,spippinhy@parallels.com,Male,26.147.100.61
648,Guillermo,Labroue,glabrouehz@blog.com,Male,13.71.239.223
649,Deonne,Byforth,dbyforthi0@cnn.com,Female,72.20.111.173
650,Elvin,Suttell,esuttelli1@mapy.cz,Male,69.236.178.109
651,Bonny,Royse,broysei2@networkadvertising.org,Female,245.195.238.102
652,Clint,Shephard,cshephardi3@examiner.com,Male,130.69.202.236
653,Florida,Skakunas,fskakunasi4@engadget.com,Female,184.30.89.219
654,Gilberto,Streat,gstreati5@weebly.com,Male,28.33.66.210
655,Dorine,Lorek,dloreki6@dailymotion.com,Female,49.249.124.243
656,Gorden,Warmisham,gwarmishami7@cdc.gov,Male,152.217.108.181
657,Derick,Winton,dwintoni8@privacy.gov.au,Male,238.20.34.38
658,Cahra,Gout,cgouti9@naver.com,Female,194.59.147.49
659,Huey,Gregersen,hgregersenia@eventbrite.com,Male,84.31.44.206
660,Brendin,Dumbar,bdumbarib@sun.com,Male,207.82.33.47
661,Marv,Bichener,mbicheneric@edublogs.org,Male,208.104.201.232
662,Lek,Madgwick,lmadgwickid@g.co,Male,181.191.131.104
663,Orren,Haslam,ohaslamie@latimes.com,Male,61.136.49.241
664,Alanson,Kinnerley,akinnerleyif@gravatar.com,Male,253.138.194.161
665,Whitby,Knappe,wknappeig@nbcnews.com,Male,92.224.219.226
666,Patty,Pinwell,ppinwellih@tinyurl.com,Male,21.226.254.70
667,Dolf,Killen,dkillenii@time.com,Male,163.166.171.170
668,Cinderella,Benson,cbensonij@go.com,Female,52.209.217.65
669,Lucien,Barkshire,lbarkshireik@histats.com,Male,211.236.123.92
670,Frasco,Cullingworth,fcullingworthil@ustream.tv,Male,140.191.190.12
671,Leah,Collis,lcollisim@macromedia.com,Female,221.120.32.132
672,Wittie,Doohan,wdoohanin@wordpress.org,Male,6.20.99.9
673,Mindy,Burkill,mburkillio@sourceforge.net,Female,235.197.239.242
674,Rolfe,Ransfield,rransfieldip@sun.com,Male,85.166.144.6
675,Rafi,Wermerling,rwermerlingiq@ebay.com,Male,175.117.117.102
676,Den,Rocks,drocksir@bloglovin.com,Male,182.226.92.161
677,Bealle,Dowzell,bdowzellis@biblegateway.com,Male,13.194.206.65
678,Pam,Grinyov,pgrinyovit@etsy.com,Female,52.48.236.248
679,Timmy,McCormack,tmccormackiu@patch.com,Female,54.151.163.199
680,Mallory,Mcwhinnie,mmcwhinnieiv@addtoany.com,Female,39.120.79.2
681,Urban,Ligerton,uligertoniw@nba.com,Male,107.203.127.81
682,Dyana,Couser,dcouserix@tripod.com,Female,11.228.136.185
683,Clarinda,Suermeiers,csuermeiersiy@nps.gov,Female,143.51.58.88
684,Shelley,Pointer,spointeriz@cbsnews.com,Male,0.149.119.62
685,Kelli,Rhubottom,krhubottomj0@1688.com,Female,23.48.124.242
686,Nikki,Baroux,nbarouxj1@slate.com,Female,180.125.64.237
687,Merissa,Heild,mheildj2@netscape.com,Female,220.83.91.28
688,Dario,Sales,dsalesj3@shop-pro.jp,Male,154.230.231.237
689,Stearn,Pavyer,spavyerj4@wikispaces.com,Male,84.120.241.109
690,Lauralee,Tolman,ltolmanj5@mapy.cz,Female,180.69.21.17
691,Berty,Peaseman,bpeasemanj6@forbes.com,Male,154.116.124.11
692,Sterling,Gillyett,sgillyettj7@miibeian.gov.cn,Male,70.91.244.185
693,Anatollo,Agus,aagusj8@buzzfeed.com,Male,40.184.118.49
694,Valentin,Margram,vmargramj9@unblog.fr,Male,3.4.155.150
695,Jonah,Ashfull,jashfullja@bloglovin.com,Male,203.91.201.227
696,Rani,Mawtus,rmawtusjb@fastcompany.com,Female,61.243.108.206
697,Doyle,Dauby,ddaubyjc@smugmug.com,Male,176.213.149.164
698,El,Capnor,ecapnorjd@upenn.edu,Male,139.189.224.141
699,Flor,Pacheco,fpachecoje@state.gov,Female,13.51.130.226
700,Bendite,Cruxton,bcruxtonjf@istockphoto.com,Female,130.157.136.27
701,Dionysus,Blackborne,dblackbornejg@fastcompany.com,Male,201.86.135.52
702,Belita,Tegeller,btegellerjh@joomla.org,Female,236.114.3.249
703,Clari,Lorraine,clorraineji@twitter.com,Female,216.68.244.85
704,Maxy,Grave,mgravejj@godaddy.com,Male,245.181.14.19
705,Abbey,Flooks,aflooksjk@sogou.com,Male,136.123.60.184
706,Renaud,Conneely,rconneelyjl@ucoz.ru,Male,63.254.81.225
707,Omero,Candie,ocandiejm@about.com,Male,142.23.205.102
708,Kennedy,Merryman,kmerrymanjn@blogspot.com,Male,29.111.214.103
709,Werner,De Francisci,wdefranciscijo@dailymail.co.uk,Male,240.38.221.254
710,Kerstin,Capelen,kcapelenjp@reddit.com,Female,11.255.154.153
711,Farly,Ivasechko,fivasechkojq@opera.com,Male,155.245.225.209
712,Leia,Baggot,lbaggotjr@vistaprint.com,Female,233.102.126.149
713,Welbie,Rowntree,wrowntreejs@loc.gov,Male,226.249.189.10
714,Jackquelin,Iacovolo,jiacovolojt@clickbank.net,Female,152.56.53.83
715,Rollin,Arias,rariasju@tmall.com,Male,155.212.195.79
716,Vasilis,Petric,vpetricjv@fastcompany.com,Male,65.140.104.165
717,Idelle,Lingley,ilingleyjw@networkadvertising.org,Female,87.64.220.165
718,Pincas,Olohan,polohanjx@seesaa.net,Male,14.16.175.194
719,Andreana,Prujean,aprujeanjy@wiley.com,Female,110.126.170.147
720,Cletus,Ladell,cladelljz@washington.edu,Male,36.83.30.169
721,Mikaela,Plackstone,mplackstonek0@jigsy.com,Female,33.148.0.183
722,Valaree,Remington,vremingtonk1@joomla.org,Female,122.40.135.252
723,Flossi,Mochan,fmochank2@nhs.uk,Female,161.141.166.168
724,Sybille,Artin,sartink3@purevolume.com,Female,119.84.116.80
725,Nelia,Lomansey,nlomanseyk4@ucsd.edu,Female,127.193.71.196
726,Dian,Tweedlie,dtweedliek5@auda.org.au,Female,33.135.36.25
727,Fons,Lakeman,flakemank6@google.nl,Male,31.29.86.27
728,Reynolds,Devany,rdevanyk7@virginia.edu,Male,239.71.60.170
729,Dar,Cogan,dcogank8@csmonitor.com,Male,120.225.46.108
730,Gannie,Jellett,gjellettk9@slideshare.net,Male,29.142.146.33
731,Emerson,Cogan,ecoganka@jugem.jp,Male,0.43.78.93
732,Collete,Mogford,cmogfordkb@ox.ac.uk,Female,152.118.158.63
733,Shellie,Goane,sgoanekc@1688.com,Female,109.37.93.29
734,Karina,Strute,kstrutekd@go.com,Female,248.207.20.33
735,Loella,Janek,ljanekke@ycombinator.com,Female,109.44.42.26
736,Charlie,Chaves,cchaveskf@constantcontact.com,Male,232.40.118.160
737,Judie,Merriday,jmerridaykg@mysql.com,Female,17.9.33.85
738,Jamie,Braime,jbraimekh@gmpg.org,Female,219.104.73.6
739,Midge,Hewson,mhewsonki@t.co,Female,143.196.21.106
740,Mikey,Scotchbourouge,mscotchbourougekj@wiley.com,Male,40.193.212.95
741,Raimondo,Laxen,rlaxenkk@istockphoto.com,Male,246.99.169.249
742,Dall,Heninghem,dheninghemkl@ask.com,Male,225.10.137.70
743,Arvy,Merrgan,amerrgankm@google.co.jp,Male,178.98.111.83
744,Philippe,Micheli,pmichelikn@disqus.com,Female,59.246.180.105
745,Roi,Ropkes,rropkesko@baidu.com,Male,51.65.175.8
746,Jeremiah,Lubbock,jlubbockkp@mozilla.org,Male,255.168.160.239
747,Whit,Triggle,wtrigglekq@about.com,Male,19.102.35.246
748,Pietro,Marston,pmarstonkr@pen.io,Male,47.93.46.172
749,Guillaume,Heifer,gheiferks@comcast.net,Male,173.137.118.155
750,Georgianna,Hayesman,ghayesmankt@umn.edu,Female,40.217.216.91
751,Emmott,McCoy,emccoyku@salon.com,Male,116.240.169.175
752,Creigh,Stitt,cstittkv@cloudflare.com,Male,203.12.246.254
753,Justinian,Pykett,jpykettkw@feedburner.com,Male,117.195.137.74
754,Ruth,Flahive,rflahivekx@tripadvisor.com,Female,131.43.212.189
755,Adriane,Lamswood,alamswoodky@cnet.com,Female,79.19.252.211
756,Janine,Whittlesea,jwhittleseakz@cyberchimps.com,Female,146.164.108.49
757,Bethany,Akram,bakraml0@nasa.gov,Female,155.74.127.93
758,Ginni,Mossbee,gmossbeel1@163.com,Female,118.193.192.23
759,Ninnetta,Chable,nchablel2@gmpg.org,Female,107.32.241.194
760,Andrej,Lampe,alampel3@vistaprint.com,Male,18.109.201.7
761,Kacey,Stathers,kstathersl4@naver.com,Female,44.12.125.219
762,Portia,Balf,pbalfl5@slashdot.org,Female,88.158.248.224
763,Terrel,Huitson,thuitsonl6@wordpress.org,Male,10.54.142.2
764,Kalli,Clilverd,kclilverdl7@dion.ne.jp,Female,236.67.250.227
765,Fredra,Playfoot,fplayfootl8@posterous.com,Female,125.109.1.41
766,Aloisia,Felmingham,afelminghaml9@deviantart.com,Female,242.23.57.156
767,Artie,Haistwell,ahaistwellla@microsoft.com,Male,176.93.27.18
768,Francisca,Spires,fspireslb@wunderground.com,Female,204.177.46.43
769,Erek,Cranmore,ecranmorelc@xrea.com,Male,252.190.135.200
770,Arlee,Timbridge,atimbridgeld@mapy.cz,Female,97.178.199.162
771,Kellina,Bignall,kbignallle@ning.com,Female,21.80.74.251
772,Jany,Gwyn,jgwynlf@nifty.com,Female,154.230.125.68
773,Dorthea,Issitt,dissittlg@salon.com,Female,253.27.224.82
774,Florence,Eede,feedelh@yandex.ru,Female,25.251.92.12
775,Alys,Yeoman,ayeomanli@unesco.org,Female,187.84.255.208
776,Idaline,Whyler,iwhylerlj@hexun.com,Female,86.217.252.159
777,Cindee,Antcliffe,cantcliffelk@histats.com,Female,87.49.77.75
778,Cull,Le Marchand,clemarchandll@hc360.com,Male,134.99.200.203
779,Elsi,Wix,ewixlm@cnbc.com,Female,210.254.149.104
780,Mathilde,L' Estrange,mlestrangeln@twitpic.com,Female,114.174.195.152
781,Thadeus,Schultheiss,tschultheisslo@cbslocal.com,Male,183.34.12.138
782,Hamlen,Rollett,hrollettlp@mit.edu,Male,39.55.243.86
783,Ritchie,Grolle,rgrollelq@state.gov,Male,47.43.103.113
784,Kylie,Chessel,kchessellr@google.it,Male,63.79.92.186
785,Gussie,Grubey,ggrubeyls@nba.com,Female,150.74.190.184
786,Andie,Arcase,aarcaselt@senate.gov,Female,20.242.8.122
787,Salaidh,Fuzzey,sfuzzeylu@mtv.com,Female,165.235.255.220
788,Cleon,Allardyce,callardycelv@sogou.com,Male,227.238.113.42
789,Ludovico,Yetts,lyettslw@time.com,Male,3.63.170.135
790,Nap,Nanninini,nnannininilx@shinystat.com,Male,65.14.229.59
791,Garrett,Muldrew,gmuldrewly@addtoany.com,Male,237.239.75.246
792,Francene,Chamley,fchamleylz@cnbc.com,Female,5.163.254.18
793,Uriel,Freddi,ufreddim0@harvard.edu,Male,195.237.77.11
794,Andreana,Berringer,aberringerm1@taobao.com,Female,133.186.223.29
795,Pavla,Helliwell,phelliwellm2@squarespace.com,Female,102.182.240.155
796,Horatio,Salmons,hsalmonsm3@blinklist.com,Male,208.95.236.132
797,Debbie,McInerney,dmcinerneym4@reverbnation.com,Female,231.251.233.254
798,Danella,Peacher,dpeacherm5@godaddy.com,Female,129.252.52.49
799,Norean,Walworth,nwalworthm6@163.com,Female,149.175.208.166
800,Jeri,Lidierth,jlidierthm7@blinklist.com,Female,62.29.250.73
801,Georgine,Tandy,gtandym8@google.com.hk,Female,60.129.158.129
802,Dionysus,Pariso,dparisom9@cmu.edu,Male,114.62.152.61
803,Archibaldo,Buncom,abuncomma@admin.ch,Male,234.167.5.183
804,Rhonda,Stainbridge,rstainbridgemb@illinois.edu,Female,250.231.107.100
805,Milicent,Oliff,moliffmc@va.gov,Female,154.22.140.193
806,Lilia,Mersey,lmerseymd@nymag.com,Female,178.220.55.153
807,Angelina,Brettoner,abrettonerme@yahoo.com,Female,109.43.202.91
808,Stacy,Josskovitz,sjosskovitzmf@flickr.com,Female,184.103.106.108
809,Amble,Langer,alangermg@ucoz.ru,Male,70.115.105.174
810,Queenie,Hamstead,qhamsteadmh@canalblog.com,Female,15.159.120.85
811,Alix,Sybry,asybrymi@state.gov,Female,168.171.16.180
812,Kate,Moring,kmoringmj@comsenz.com,Female,17.180.180.22
813,Kareem,Kermit,kkermitmk@deliciousdays.com,Male,65.18.242.43
814,Dacia,Edowes,dedowesml@google.co.uk,Female,188.160.29.118
815,Arabella,Mussotti,amussottimm@163.com,Female,83.158.242.55
816,Sherry,Dart,sdartmn@nhs.uk,Female,103.248.67.26
817,Melvin,Hoodlass,mhoodlassmo@sciencedirect.com,Male,58.81.136.95
818,Johnette,Sealeaf,jsealeafmp@storify.com,Female,75.102.212.73
819,Celia,Jessen,cjessenmq@odnoklassniki.ru,Female,12.251.214.169
820,Con,Duckhouse,cduckhousemr@fema.gov,Female,188.90.122.92
821,Nesta,Brute,nbrutems@constantcontact.com,Female,225.51.193.232
822,Madeline,Mulvy,mmulvymt@hhs.gov,Female,67.4.245.151
823,Munmro,Gallichiccio,mgallichicciomu@meetup.com,Male,224.49.48.84
824,Janeta,Bortolazzi,jbortolazzimv@loc.gov,Female,175.7.33.136
825,Kaitlyn,Crayker,kcraykermw@lycos.com,Female,184.39.173.165
826,Nevil,Hessentaler,nhessentalermx@princeton.edu,Male,131.200.81.186
827,Launce,Dioniso,ldionisomy@google.com,Male,125.154.77.45
828,Ronny,Stuer,rstuermz@fc2.com,Male,116.33.124.17
829,Wrennie,Huntington,whuntingtonn0@answers.com,Female,18.127.236.117
830,Whitaker,Rosellini,wrosellinin1@apache.org,Male,94.222.84.125
831,Gardy,Rowly,growlyn2@nasa.gov,Male,167.83.105.176
832,Eberhard,McOrkill,emcorkilln3@theglobeandmail.com,Male,188.48.122.99
833,Kalli,Bremmer,kbremmern4@marriott.com,Female,70.143.15.83
834,Shelia,Hounsome,shounsomen5@eepurl.com,Female,13.179.158.249
835,Olly,Pagett,opagettn6@barnesandnoble.com,Male,96.141.117.142
836,Mireille,Garrals,mgarralsn7@geocities.jp,Female,84.121.72.110
837,Pauly,Blockey,pblockeyn8@istockphoto.com,Male,173.157.11.27
838,Gennie,Buglass,gbuglassn9@yandex.ru,Female,166.200.158.187
839,Skylar,Crittal,scrittalna@gmpg.org,Male,197.247.208.196
840,Orson,Eckhard,oeckhardnb@unc.edu,Male,7.49.39.84
841,Washington,Oven,wovennc@ucoz.ru,Male,151.220.123.142
842,Carlye,Alenichev,calenichevnd@skyrock.com,Female,138.247.135.133
843,Anne-corinne,Sutlieff,asutlieffne@nationalgeographic.com,Female,202.247.202.47
844,Somerset,Henriet,shenrietnf@vinaora.com,Male,60.173.43.80
845,Valerye,Kirlin,vkirlinng@mac.com,Female,66.182.236.24
846,Stephine,Bozward,sbozwardnh@tripadvisor.com,Female,16.99.242.22
847,Marv,MacGaughy,mmacgaughyni@php.net,Male,249.233.179.229
848,Claresta,Tomasi,ctomasinj@slideshare.net,Female,78.137.55.96
849,Selene,Dornin,sdorninnk@oracle.com,Female,251.247.45.61
850,Rey,Wyper,rwypernl@alexa.com,Female,182.106.199.193
851,Gherardo,Hackin,ghackinnm@domainmarket.com,Male,82.98.118.252
852,Donn,Tomowicz,dtomowicznn@drupal.org,Male,173.111.178.171
853,Sadella,Molan,smolanno@samsung.com,Female,207.62.241.166
854,Catie,Stodd,cstoddnp@toplist.cz,Female,92.3.133.2
855,Cassy,Ciccone,ccicconenq@guardian.co.uk,Female,78.113.18.69
856,Owen,Aspden,oaspdennr@cam.ac.uk,Male,37.176.75.41
857,Tansy,Caughtry,tcaughtryns@usatoday.com,Female,11.117.174.31
858,Adrienne,Adamkiewicz,aadamkiewicznt@omniture.com,Female,174.190.144.230
859,Marchall,Davidovits,mdavidovitsnu@dion.ne.jp,Male,196.249.154.6
860,Selle,Borham,sborhamnv@istockphoto.com,Female,119.212.177.224
861,Aile,Dickenson,adickensonnw@gnu.org,Female,215.99.172.202
862,Jerrold,Napthine,jnapthinenx@fda.gov,Male,23.39.133.231
863,Therese,Pesik,tpesikny@yale.edu,Female,54.101.19.125
864,Seumas,Eudall,seudallnz@parallels.com,Male,47.197.209.17
865,Ola,Skynner,oskynnero0@chron.com,Female,99.33.146.173
866,Genevieve,Kimmins,gkimminso1@edublogs.org,Female,4.19.99.217
867,Andre,Carbin,acarbino2@discuz.net,Male,231.11.99.48
868,Petr,Vanini,pvaninio3@smugmug.com,Male,73.169.123.221
869,Jada,Roger,jrogero4@cmu.edu,Female,236.126.217.218
870,Andris,Ganter,agantero5@amazon.de,Male,120.186.157.63
871,Jennette,Highway,jhighwayo6@ucsd.edu,Female,17.0.10.47
872,Daphene,Little,dlittleo7@ucoz.ru,Female,127.112.7.80
873,Nev,Sloegrave,nsloegraveo8@baidu.com,Male,142.120.98.237
874,Vinnie,Nattrass,vnattrasso9@printfriendly.com,Female,212.222.4.224
875,Andrej,Brisse,abrisseoa@comcast.net,Male,253.89.148.79
876,Burton,Yearne,byearneob@dedecms.com,Male,190.180.61.26
877,Christophe,Dowd,cdowdoc@infoseek.co.jp,Male,236.14.108.192
878,Marwin,Bondley,mbondleyod@unc.edu,Male,162.19.148.155
879,Lynnet,MacNab,lmacnaboe@harvard.edu,Female,244.190.52.109
880,Kasper,Rosenbloom,krosenbloomof@feedburner.com,Male,134.106.12.159
881,Hermia,Gridley,hgridleyog@de.vu,Female,20.130.220.198
882,Angy,Willgoss,awillgossoh@indiatimes.com,Female,167.36.189.220
883,Terrence,Boother,tbootheroi@plala.or.jp,Male,245.69.116.74
884,Hugues,Jiles,hjilesoj@dailymotion.com,Male,36.97.76.23
885,Dagny,Vittle,dvittleok@si.edu,Male,49.239.75.7
886,Carola,Leal,clealol@yahoo.co.jp,Female,244.82.16.193
887,Elane,Briiginshaw,ebriiginshawom@themeforest.net,Female,11.3.15.224
888,Daphna,Babington,dbabingtonon@360.cn,Female,206.228.82.100
889,Basilio,Ormerod,bormerodoo@mac.com,Male,228.37.251.152
890,Danella,Lynagh,dlynaghop@berkeley.edu,Female,91.237.171.101
891,Jeralee,Scrimshire,jscrimshireoq@macromedia.com,Female,60.100.35.133
892,Cesaro,Briamo,cbriamoor@miitbeian.gov.cn,Male,234.245.46.222
893,Joete,De Hailes,jdehailesos@nifty.com,Female,116.37.243.177
894,Krysta,McLae,kmclaeot@toplist.cz,Female,18.154.82.129
895,Barney,Trigwell,btrigwellou@last.fm,Male,92.226.58.80
896,Barby,Wildbore,bwildboreov@engadget.com,Female,207.65.93.193
897,Simone,Eglise,segliseow@state.tx.us,Male,194.6.128.108
898,Clay,Gwyneth,cgwynethox@exblog.jp,Male,6.218.229.93
899,Zachariah,Partrick,zpartrickoy@wikispaces.com,Male,18.95.195.106
900,Allsun,Stayte,astayteoz@uiuc.edu,Female,89.201.8.252
901,Josh,Harbord,jharbordp0@newsvine.com,Male,204.211.232.108
902,Stinky,Decent,sdecentp1@networksolutions.com,Male,249.246.133.4
903,Natty,Crathorne,ncrathornep2@unicef.org,Female,74.60.165.67
904,Babbie,Malden,bmaldenp3@trellian.com,Female,188.110.93.121
905,Susann,Stonhouse,sstonhousep4@ezinearticles.com,Female,172.109.191.67
906,Hilarius,Bartolomieu,hbartolomieup5@creativecommons.org,Male,76.47.18.30
907,Brear,Pendrill,bpendrillp6@blogs.com,Female,108.64.251.2
908,Ogdan,Kinnard,okinnardp7@mlb.com,Male,2.112.205.4
909,Ileane,Casebourne,icasebournep8@virginia.edu,Female,90.109.31.34
910,Mata,Pleasance,mpleasancep9@cocolog-nifty.com,Male,202.240.218.217
911,Roddy,Toffetto,rtoffettopa@facebook.com,Male,32.158.212.36
912,Huntley,Collinette,hcollinettepb@huffingtonpost.com,Male,52.107.212.31
913,Tybalt,Crook,tcrookpc@abc.net.au,Male,160.201.221.31
914,Belia,Blackwood,bblackwoodpd@e-recht24.de,Female,85.251.40.169
915,Emelita,Moneypenny,emoneypennype@craigslist.org,Female,75.87.74.156
916,Orrin,Marcam,omarcampf@last.fm,Male,246.51.13.55
917,Pepe,Beetham,pbeethampg@blinklist.com,Male,254.115.147.101
918,Patricia,Prynne,pprynneph@ftc.gov,Female,206.244.63.59
919,Myranda,McAline,mmcalinepi@ustream.tv,Female,202.15.192.26
920,Bary,Ceccoli,bceccolipj@prnewswire.com,Male,32.33.187.138
921,Sybyl,McFeat,smcfeatpk@woothemes.com,Female,37.221.246.66
922,Tuckie,Glasper,tglasperpl@edublogs.org,Male,212.171.50.1
923,Lynelle,Elleyne,lelleynepm@cocolog-nifty.com,Female,116.73.224.39
924,Oates,McSkeagan,omcskeaganpn@simplemachines.org,Male,78.104.231.229
925,Heloise,Belding,hbeldingpo@ucoz.com,Female,12.124.95.233
926,Nappy,Gascoigne,ngascoignepp@jiathis.com,Male,242.225.62.131
927,Rhys,Dallicott,rdallicottpq@edublogs.org,Male,145.17.80.205
928,Bing,Rheaume,brheaumepr@gov.uk,Male,247.213.128.101
929,Gerik,Parton,gpartonps@virginia.edu,Male,106.208.146.91
930,Winnah,Gogie,wgogiept@xrea.com,Female,42.127.249.86
931,Alexandr,Cleghorn,acleghornpu@mediafire.com,Male,161.133.2.34
932,Rozamond,Myhill,rmyhillpv@cnn.com,Female,167.20.200.219
933,Wald,Medway,wmedwaypw@aol.com,Male,168.140.174.16
934,Bryna,Falla,bfallapx@house.gov,Female,23.130.90.179
935,Alec,Litchfield,alitchfieldpy@dmoz.org,Male,229.75.33.22
936,Arlina,Galton,agaltonpz@census.gov,Female,166.205.131.212
937,Farr,Judd,fjuddq0@vkontakte.ru,Male,101.63.59.219
938,Win,Nehlsen,wnehlsenq1@google.com,Male,62.140.126.109
939,Orelee,Berfoot,oberfootq2@google.nl,Female,141.181.170.131
940,Gabriele,Nicklen,gnicklenq3@comcast.net,Male,231.14.45.234
941,Hakeem,Babb,hbabbq4@yahoo.com,Male,255.177.5.252
942,Val,McMurthy,vmcmurthyq5@buzzfeed.com,Female,140.24.60.30
943,Fidole,Dyton,fdytonq6@businesswire.com,Male,108.119.251.212
944,Lizabeth,Bellany,lbellanyq7@prweb.com,Female,114.153.153.143
945,Sydney,Caddens,scaddensq8@posterous.com,Male,180.53.14.177
946,Dorey,Wilmot,dwilmotq9@japanpost.jp,Male,233.217.200.188
947,Eugenio,Rops,eropsqa@wikispaces.com,Male,99.77.230.165
948,Janessa,Tipple,jtippleqb@kickstarter.com,Female,146.23.226.120
949,Wat,Rosier,wrosierqc@noaa.gov,Male,222.150.80.128
950,Kitti,Ouchterlony,kouchterlonyqd@theatlantic.com,Female,190.29.47.31
951,Ferrell,Simoncello,fsimoncelloqe@google.com.br,Male,213.91.220.200
952,Thorvald,Indge,tindgeqf@princeton.edu,Male,16.20.173.84
953,Giavani,Ennals,gennalsqg@squarespace.com,Male,29.179.100.161
954,Juliette,Pothecary,jpothecaryqh@scientificamerican.com,Female,244.83.175.242
955,Clemens,Camillo,ccamilloqi@deliciousdays.com,Male,111.166.79.52
956,Garrard,Duignan,gduignanqj@furl.net,Male,178.80.86.213
957,Kimbell,Skewis,kskewisqk@techcrunch.com,Male,108.141.82.195
958,Lise,Skewis,lskewisql@ftc.gov,Female,162.117.139.78
959,Cariotta,Strickler,cstricklerqm@canalblog.com,Female,125.93.33.112
960,Leona,Norkutt,lnorkuttqn@google.de,Female,42.3.105.143
961,Thatcher,Bambery,tbamberyqo@telegraph.co.uk,Male,39.154.193.219
962,Cecilius,Friman,cfrimanqp@360.cn,Male,101.54.82.80
963,Stafford,Kollach,skollachqq@liveinternet.ru,Male,80.200.191.1
964,Noach,Sinson,nsinsonqr@ocn.ne.jp,Male,221.159.234.122
965,Sarita,Meecher,smeecherqs@privacy.gov.au,Female,146.25.210.218
966,Zerk,Sharphouse,zsharphouseqt@webs.com,Male,179.71.40.193
967,Terese,Hawsby,thawsbyqu@com.com,Female,94.194.154.209
968,Ag,Haughey,ahaugheyqv@foxnews.com,Female,125.151.78.137
969,Bobine,Gerrans,bgerransqw@prlog.org,Female,42.125.175.223
970,Kylila,Snawden,ksnawdenqx@nymag.com,Female,134.176.239.178
971,Becka,Tamburi,btamburiqy@shop-pro.jp,Female,193.150.117.145
972,Josee,Enrich,jenrichqz@mit.edu,Female,191.37.213.144
973,Inglis,Korn,ikornr0@oaic.gov.au,Male,254.59.176.118
974,Rosemonde,Pinkard,rpinkardr1@zimbio.com,Female,180.212.138.91
975,Ana,Restieaux,arestieauxr2@who.int,Female,247.230.174.188
976,Sisile,Brose,sbroser3@creativecommons.org,Female,49.238.171.1
977,Alfonse,Baggelley,abaggelleyr4@freewebs.com,Male,251.21.152.157
978,Westbrooke,Phateplace,wphateplacer5@ifeng.com,Male,61.168.72.121
979,Forbes,McCaster,fmccasterr6@opensource.org,Male,79.44.196.4
980,Dorita,Bramah,dbramahr7@ft.com,Female,254.69.18.86
981,Wake,Althrope,walthroper8@eventbrite.com,Male,116.148.247.155
982,Giffie,Pughe,gpugher9@freewebs.com,Male,84.181.135.195
983,Anallise,French,afrenchra@netlog.com,Female,110.55.179.230
984,Pedro,Whitlam,pwhitlamrb@buzzfeed.com,Male,58.183.18.80
985,Heloise,Walburn,hwalburnrc@goo.gl,Female,52.222.121.143
986,Katie,Alibone,kalibonerd@china.com.cn,Female,33.23.65.33
987,Ronnie,Mouget,rmougetre@aol.com,Male,43.175.247.78
988,Michelina,Grigoli,mgrigolirf@4shared.com,Female,128.110.200.31
989,Thorndike,Tatersale,ttatersalerg@slashdot.org,Male,247.245.24.250
990,Brent,Conquest,bconquestrh@who.int,Male,208.23.181.245
991,Raddie,Mattholie,rmattholieri@unc.edu,Male,23.106.78.207
992,Doralynne,Sage,dsagerj@toplist.cz,Female,229.230.226.88
993,Worden,Hadland,whadlandrk@adobe.com,Male,245.69.141.204
994,Eloisa,Denzey,edenzeyrl@examiner.com,Female,119.255.108.130
995,Meggi,Surcombe,msurcomberm@mit.edu,Female,126.169.232.246
996,Carla,Digg,cdiggrn@marriott.com,Female,60.101.135.77
997,Kynthia,Warlawe,kwarlawero@wikia.com,Female,103.27.148.127
998,Waylen,Allso,wallsorp@dropbox.com,Male,18.210.191.114
999,Quincey,Yurasov,qyurasovrq@tumblr.com,Male,240.61.20.64
1000,Larisa,Bampkin,lbampkinrr@nature.com,Female,71.16.154.204
